,location_id,rmse,rmse_reg
0,125,11.57251943596901,11.402914956543563
1,126,15.299456656173378,14.354801625768133
